,Accuracy,Precision,Recall,F1-Score
0,1.0,1.0,1.0,1.0
1,1.0,1.0,1.0,1.0
2,1.0,1.0,1.0,1.0
3,1.0,1.0,1.0,1.0
4,1.0,1.0,1.0,1.0
5,1.0,1.0,1.0,1.0
6,0.9666666666666667,0.9696969696969697,0.9666666666666667,0.9665831244778613
7,1.0,1.0,1.0,1.0
8,1.0,1.0,1.0,1.0
9,1.0,1.0,1.0,1.0
