,Accuracy,Precision,Recall,F1-Score
0,0.9,0.923076923076923,0.9,0.901940842444275
1,0.9,0.923076923076923,0.9,0.901940842444275
2,0.9,0.923076923076923,0.9,0.901940842444275
3,0.9,0.923076923076923,0.9,0.901940842444275
4,0.9,0.923076923076923,0.9,0.901940842444275
5,0.9,0.923076923076923,0.9,0.901940842444275
6,0.9,0.923076923076923,0.9,0.901940842444275
7,0.9,0.923076923076923,0.9,0.901940842444275
8,0.9,0.923076923076923,0.9,0.901940842444275
9,0.9,0.923076923076923,0.9,0.901940842444275
